<?xml version="1.0" encoding="UTF-8"?>
<project-private xmlns="http://www.netbeans.org/ns/project-private/1">
    <editor-bookmarks xmlns="http://www.netbeans.org/ns/editor-bookmarks/2" lastBookmarkId="0"/>
    <open-files xmlns="http://www.netbeans.org/ns/projectui-open-files/2">
        <group>
            <file>file:/C:/Users/kmkm3/Documents/NetBeansProjects/memory%20game%20ver%203/src/memorygame/Buttons.java</file>
            <file>file:/C:/Users/kmkm3/Documents/NetBeansProjects/memory%20game%20ver%203/src/memorygame/Card.java</file>
            <file>file:/C:/Users/kmkm3/Documents/NetBeansProjects/memory%20game%20ver%203/src/memorygame/GameUI.java</file>
            <file>file:/C:/Users/kmkm3/Documents/NetBeansProjects/memory%20game%20ver%203/src/memorygame/GameDB.java</file>
            <file>file:/C:/Users/kmkm3/Documents/NetBeansProjects/memory%20game%20ver%203/src/memorygame/GameLogic.java</file>
            <file>file:/C:/Users/kmkm3/Documents/NetBeansProjects/memory%20game%20ver%203/src/memorygame/MemoryGame.java</file>
        </group>
    </open-files>
</project-private>
